<?xml version="1.0" encoding="UTF-8" ?>
<XMLDB PATH="blocks/tenjin_trial/db" VERSION="20200314" COMMENT="XMLDB file for Moodle blocks/tenjin_trial"
    xmlns:xsi="http://www.w3.org/2001/XMLSchema-instance"
    xsi:noNamespaceSchemaLocation="../../../lib/xmldb/xmldb.xsd"
>
  <TABLES>
    <TABLE NAME="block_tenjin_trial" COMMENT="Default comment for block_tenjin_trial, please edit me">
      <FIELDS>
        <FIELD NAME="id" TYPE="int" LENGTH="10" NOTNULL="true" SEQUENCE="true"/>
        <FIELD NAME="blockid" TYPE="int" LENGTH="10" NOTNULL="true" DEFAULT="0" SEQUENCE="false" COMMENT="the id of the block"/>
        <FIELD NAME="pagetitle" TYPE="char" LENGTH="25" NOTNULL="true" SEQUENCE="false" COMMENT="The title of the page"/>
        <FIELD NAME="displaytext" TYPE="text" NOTNULL="true" SEQUENCE="false" COMMENT="The text displayed on the Tenjin page"/>
        <FIELD NAME="format" TYPE="int" LENGTH="3" NOTNULL="true" DEFAULT="0" SEQUENCE="false" COMMENT="An integer value representing format the text was entered in"/>
        <FIELD NAME="filename" TYPE="char" LENGTH="255" NOTNULL="true" SEQUENCE="false" COMMENT="The displayed name of the file that the instructor sets"/>
        <FIELD NAME="picture" TYPE="int" LENGTH="2" NOTNULL="true" DEFAULT="0" SEQUENCE="false" COMMENT="The URL for the user's chosen picture is in a predefined static variable that associates a number to a picture. This will allow the addition of more pictures later if necessary, or for changing the current pictures' URLs without updating the database."/>
        <FIELD NAME="description" TYPE="text" NOTNULL="true" SEQUENCE="false" COMMENT="The description that will be displayed on the page."/>
        <FIELD NAME="displaypicture" TYPE="int" LENGTH="1" NOTNULL="true" DEFAULT="0" SEQUENCE="false" COMMENT="The display picture, represented as a yes/no, will be stored as an integer"/>
        <FIELD NAME="displaydate" TYPE="int" LENGTH="10" NOTNULL="true" DEFAULT="0" SEQUENCE="false" COMMENT="UNIX timestamp which is represented as an integer"/>
      </FIELDS>
      <KEYS>
        <KEY NAME="primary" TYPE="primary" FIELDS="id"/>
      </KEYS>
    </TABLE>
  </TABLES>
</XMLDB>